{
  "scale": "10K",
  "seed": 4,
  "n_facts": 10375,
  "systems": {
    "ada": {
      "accuracy": 0.9833333333333333,
      "latency_p50_ms": 1345.4,
      "latency_p95_ms": 3018.7,
      "engine_ms": {
        "count": 2.390999929048121,
        "distribution": 2.3676669225096703,
        "intersection": 0.4148330772295594,
        "lookup": 0.000125030055642128
      },
      "cost_per_query_usd": 0.000736,
      "ingest_seconds": 0.1,
      "ingest_errors": 0,
      "query_seconds": 16.3
    },
    "eav_sql": {
      "accuracy": 0.8833333333333333,
      "latency_p50_ms": 1677.4,
      "latency_p95_ms": 3939.1,
      "engine_ms": {
        "count": 1.482916995882988,
        "distribution": 1.7521660774946213,
        "intersection": 2.7367500588297844,
        "lookup": 1.0715830139815807
      },
      "cost_per_query_usd": 0.000944,
      "ingest_seconds": 0.6,
      "ingest_errors": 0,
      "query_seconds": 19.0
    },
    "rag_minilm": {
      "accuracy": 0.38333333333333336,
      "latency_p50_ms": 1226.2,
      "latency_p95_ms": 1879.4,
      "engine_ms": {
        "retrieval_top8": 4.729625070467591
      },
      "cost_per_query_usd": 0.000234,
      "ingest_seconds": 2.3,
      "ingest_errors": 0,
      "query_seconds": 13.3
    },
    "kuzu_cypher": {
      "accuracy": 0.95,
      "latency_p50_ms": 1400.2,
      "latency_p95_ms": 2327.4,
      "engine_ms": {
        "count": 1.4774580486118793,
        "distribution": 1.3958750059828162,
        "intersection": 2.1638330072164536,
        "lookup": 0.28129108250141144
      },
      "cost_per_query_usd": 0.000527,
      "ingest_seconds": 0.4,
      "ingest_errors": 0,
      "query_seconds": 15.6
    }
  }
}