{
  "protocol_turns": 1000,
  "results": [
    {
      "system": "Ada",
      "n_pass": 500,
      "n_query": 500,
      "accuracy": 1.0,
      "by_gap": {
        "251-500": [
          194,
          194
        ],
        "1-50": [
          2,
          2
        ],
        "51-100": [
          13,
          13
        ],
        "101-250": [
          53,
          53
        ],
        "501+": [
          238,
          238
        ]
      },
      "mean_query_ms": 0.0006022453308105469,
      "mean_fact_ms": 21.244943618774414
    },
    {
      "system": "LLM-200K",
      "budget_facts": 8000,
      "n_pass": 500,
      "n_query": 500,
      "accuracy": 1.0,
      "by_gap": {
        "251-500": [
          194,
          194
        ],
        "1-50": [
          2,
          2
        ],
        "51-100": [
          13,
          13
        ],
        "101-250": [
          53,
          53
        ],
        "501+": [
          238,
          238
        ]
      }
    },
    {
      "system": "LLM-Sonnet-1M",
      "budget_facts": 40000,
      "n_pass": 500,
      "n_query": 500,
      "accuracy": 1.0,
      "by_gap": {
        "251-500": [
          194,
          194
        ],
        "1-50": [
          2,
          2
        ],
        "51-100": [
          13,
          13
        ],
        "101-250": [
          53,
          53
        ],
        "501+": [
          238,
          238
        ]
      }
    },
    {
      "system": "Memory-10K",
      "budget_facts": 400,
      "n_pass": 411,
      "n_query": 500,
      "accuracy": 0.822,
      "by_gap": {
        "251-500": [
          182,
          194
        ],
        "1-50": [
          2,
          2
        ],
        "51-100": [
          13,
          13
        ],
        "101-250": [
          53,
          53
        ],
        "501+": [
          161,
          238
        ]
      }
    }
  ]
}