{
  "protocol_turns": 50000,
  "results": [
    {
      "system": "Ada",
      "n_pass": 25000,
      "n_query": 25000,
      "accuracy": 1.0,
      "by_gap": {
        "501+": [
          24992,
          24992
        ],
        "101-250": [
          4,
          4
        ],
        "251-500": [
          4,
          4
        ]
      },
      "mean_query_ms": 0.0010188674926757812,
      "mean_fact_ms": 17.50560670852661
    },
    {
      "system": "LLM-200K",
      "budget_facts": 8000,
      "n_pass": 8022,
      "n_query": 25000,
      "accuracy": 0.32088,
      "by_gap": {
        "501+": [
          8014,
          24992
        ],
        "101-250": [
          4,
          4
        ],
        "251-500": [
          4,
          4
        ]
      }
    },
    {
      "system": "LLM-Sonnet-1M",
      "budget_facts": 40000,
      "n_pass": 25000,
      "n_query": 25000,
      "accuracy": 1.0,
      "by_gap": {
        "501+": [
          24992,
          24992
        ],
        "101-250": [
          4,
          4
        ],
        "251-500": [
          4,
          4
        ]
      }
    },
    {
      "system": "Memory-10K",
      "budget_facts": 400,
      "n_pass": 396,
      "n_query": 25000,
      "accuracy": 0.01584,
      "by_gap": {
        "501+": [
          389,
          24992
        ],
        "101-250": [
          4,
          4
        ],
        "251-500": [
          3,
          4
        ]
      }
    }
  ]
}