{
  "protocol_turns": 10000,
  "results": [
    {
      "system": "Ada",
      "n_pass": 5000,
      "n_query": 5000,
      "accuracy": 1.0,
      "by_gap": {
        "501+": [
          4969,
          4969
        ],
        "251-500": [
          21,
          21
        ],
        "101-250": [
          9,
          9
        ],
        "51-100": [
          1,
          1
        ]
      },
      "mean_query_ms": 0.2801346778869629,
      "mean_fact_ms": 17.1066162109375
    },
    {
      "system": "LLM-200K",
      "budget_facts": 8000,
      "n_pass": 5000,
      "n_query": 5000,
      "accuracy": 1.0,
      "by_gap": {
        "501+": [
          4969,
          4969
        ],
        "251-500": [
          21,
          21
        ],
        "101-250": [
          9,
          9
        ],
        "51-100": [
          1,
          1
        ]
      }
    },
    {
      "system": "LLM-Sonnet-1M",
      "budget_facts": 40000,
      "n_pass": 5000,
      "n_query": 5000,
      "accuracy": 1.0,
      "by_gap": {
        "501+": [
          4969,
          4969
        ],
        "251-500": [
          21,
          21
        ],
        "101-250": [
          9,
          9
        ],
        "51-100": [
          1,
          1
        ]
      }
    },
    {
      "system": "Memory-10K",
      "budget_facts": 400,
      "n_pass": 398,
      "n_query": 5000,
      "accuracy": 0.0796,
      "by_gap": {
        "501+": [
          369,
          4969
        ],
        "251-500": [
          19,
          21
        ],
        "101-250": [
          9,
          9
        ],
        "51-100": [
          1,
          1
        ]
      }
    }
  ]
}